output,gpt4,gpt3.5
Ajit,Ajit Jain,Ajit Jain
Ajit Jain,Ann Winblad,Becky quick
Ajit Jane,Becky Quick,Ben Knoll
Ann widblad,Ben Knoll,Bill Murray
BNSF,Bill Murray,Charlie Munger
Becky,Bobby Kotick,Dan Calkins
Ben Knoll,Charlie Munger,David modematan
Berkshire Hathaway specialty,Dan Calkins,Debbie pasonic
Bill Murray,David Motemaden,Greg Abel
Bobby kodek,Debbie Bosanek,Jane Frazier
Buffett,Greg Abel,John Rogers
Charlie Munger,Howard Buffett,Melissa Shapiro Shapiro
Charlotte Diamond,Jane Fraser,Mike santoli
Chris Davis,John Rogers,Nirav Patel
Dan Calkins,Judd Zaberski,Randy Jeffs
David Modematan,Katie,Ruth parat
Debbie Pasonic,Laura Zaberski,Tim Cook
Geico,Louis,Warren Buffett
Greg Abel,Mario Gabelli,
Howard Buffett,Melissa Shapiro Shapiro,
Jane Frazier,Mike,
John Rogers,Mike Santoli,
Judd,Nirav Patel,
Judd Zaberski,Randy Jeffs,
Ken Chenault,Ron Olson,
Laura Zaberski,Ruth Porat,
Melissa Shapiro Shapiro,Tim Cook,
Merle Whitburn,Warren Buffett,
Mike,,
Mike Santoli,,
Munger,,
Nirav Patel,,
Randy Jeffs,,
Ron Olsen,,
Ron Olson,,
Ruth Porat,,
Steve Burke,,
Sue Decker,,
Suzy Buffett,,
Tom Murphy Jr,,
Wally Weiss,,
Warren Buffett,,
